<?xml version="1.0" encoding="UTF-8"?>
<project-private xmlns="http://www.netbeans.org/ns/project-private/1">
    <editor-bookmarks xmlns="http://www.netbeans.org/ns/editor-bookmarks/2" lastBookmarkId="0"/>
    <open-files xmlns="http://www.netbeans.org/ns/projectui-open-files/2">
        <group>
            <file>file:/F:/Pro_2017_18/rasoi/web/upimgfood.jsp</file>
            <file>file:/F:/Pro_2017_18/rasoi/web/uprest.jsp</file>
            <file>file:/F:/Pro_2017_18/rasoi/web/cart.jsp</file>
            <file>file:/F:/Pro_2017_18/rasoi/web/srest.jsp</file>
            <file>file:/F:/Pro_2017_18/rasoi/web/resthome.jsp</file>
            <file>file:/F:/Pro_2017_18/rasoi/web/category.jsp</file>
            <file>file:/F:/Pro_2017_18/rasoi/web/ucheck.jsp</file>
            <file>file:/F:/Pro_2017_18/rasoi/web/adminhome.jsp</file>
        </group>
    </open-files>
</project-private>
