{
  "emp": [
    {
      "id": "1",
      "name": "sagar",
      "password": "mnbvc"
    },
    {
      "name": "soaurabh",
      "password": "asdf",
      "id": "phNFHkj"
    },
    {
      "name": "sdds",
      "password": "qewwew",
      "id": "scRvm47"
    },
    {
      "name": "sdds",
      "password": "qewwew",
      "id": "s9fnVJ4"
    },
    {
      "name": "sdds",
      "password": "qewwew",
      "id": "5hn3KDB"
    },
    {
      "name": "vishal",
      "password": "Adidididi144cx",
      "id": "BzTTARR"
    }
  ]
}